{"cameraMode":{"drawMode":0,"name":"Shaded","section":"Shading Mode"},"sceneLighting":true,"audioPlay":false,"sceneViewState":{"m_AlwaysRefresh":false,"showFog":true,"showSkybox":true,"showFlares":true,"showImageEffects":true,"showParticleSystems":true,"showVisualEffectGraphs":true,"m_FxEnabled":true},"in2DMode":false,"pivot":{"x":0.9255082011222839,"y":-17.088327407836915,"z":17.761024475097658},"rotation":{"x":0.4238959550857544,"y":0.015844199806451799,"z":-0.007416549604386091,"w":0.9055519700050354},"size":17.709754943847658,"orthographic":false}